row_index,new_name,PlantCode,plant_name,plant_pmax_mw,eia_pm,target_type,promoted,reason,eha_plant_mode
1,Rollins_1P,34,Rollins,12.1,HY,HydroTurbine,false,not promoted: plant aggregate Pmax 12.1 MW < 100 MW and unit is not PS,
4,Turlock Lake_1,161,Turlock Lake,3.3,HY,HydroTurbine,false,not promoted: plant aggregate Pmax 3.3 MW < 100 MW and unit is not PS,
5,Turlock Lake_2,161,Turlock Lake,3.3,HY,HydroTurbine,false,not promoted: plant aggregate Pmax 3.3 MW < 100 MW and unit is not PS,
6,Turlock Lake_3,161,Turlock Lake,3.3,HY,HydroTurbine,false,not promoted: plant aggregate Pmax 3.3 MW < 100 MW and unit is not PS,
7,Hickman_1,162,Hickman,1.0,HY,HydroTurbine,false,not promoted: plant aggregate Pmax 1.0 MW < 100 MW and unit is not PS,
8,Hickman_2,162,Hickman,1.0,HY,HydroTurbine,false,not promoted: plant aggregate Pmax 1.0 MW < 100 MW and unit is not PS,
9,Volta 2_1,180,Volta 2,1.0,HY,HydroTurbine,false,not promoted: plant aggregate Pmax 1.0 MW < 100 MW and unit is not PS,
10,Alta Powerhouse_1,214,Alta Powerhouse,1.0,HY,HydroTurbine,false,not promoted: plant aggregate Pmax 1.0 MW < 100 MW and unit is not PS,
11,Angels_1,215,Angels,1.4,HY,HydroTurbine,false,not promoted: plant aggregate Pmax 1.4 MW < 100 MW and unit is not PS,
12,Belden_1,219,Belden,117.9,HY,HydroTurbine,true,plant aggregate Pmax 117.9 MW >= 100 MW threshold,
13,Bucks Creek_H1,220,Bucks Creek,66.0,HY,HydroTurbine,false,not promoted: plant aggregate Pmax 66.0 MW < 100 MW and unit is not PS,
14,Bucks Creek_H2,220,Bucks Creek,66.0,HY,HydroTurbine,false,not promoted: plant aggregate Pmax 66.0 MW < 100 MW and unit is not PS,
15,Butt Valley_1,221,Butt Valley,40.0,HY,HydroTurbine,false,not promoted: plant aggregate Pmax 40.0 MW < 100 MW and unit is not PS,
16,Caribou 1_1,222,Caribou 1,73.8,HY,HydroTurbine,false,not promoted: plant aggregate Pmax 73.8 MW < 100 MW and unit is not PS,
17,Caribou 1_2,222,Caribou 1,73.8,HY,HydroTurbine,false,not promoted: plant aggregate Pmax 73.8 MW < 100 MW and unit is not PS,
18,Caribou 1_3,222,Caribou 1,73.8,HY,HydroTurbine,false,not promoted: plant aggregate Pmax 73.8 MW < 100 MW and unit is not PS,
19,Caribou 2_4,223,Caribou 2,117.9,HY,HydroTurbine,true,plant aggregate Pmax 117.9 MW >= 100 MW threshold,
20,Caribou 2_5,223,Caribou 2,117.9,HY,HydroTurbine,true,plant aggregate Pmax 117.9 MW >= 100 MW threshold,
21,Coleman PH_1,227,Coleman PH,12.1,HY,HydroTurbine,false,not promoted: plant aggregate Pmax 12.1 MW < 100 MW and unit is not PS,
22,Cow Creek_1,229,Cow Creek,1.4,HY,HydroTurbine,false,not promoted: plant aggregate Pmax 1.4 MW < 100 MW and unit is not PS,
23,Cow Creek_2,229,Cow Creek,1.4,HY,HydroTurbine,false,not promoted: plant aggregate Pmax 1.4 MW < 100 MW and unit is not PS,
24,Drum 1_1,235,Drum 1,49.2,HY,HydroTurbine,false,not promoted: plant aggregate Pmax 49.2 MW < 100 MW and unit is not PS,
25,Drum 1_2,235,Drum 1,49.2,HY,HydroTurbine,false,not promoted: plant aggregate Pmax 49.2 MW < 100 MW and unit is not PS,
26,Drum 1_3,235,Drum 1,49.2,HY,HydroTurbine,false,not promoted: plant aggregate Pmax 49.2 MW < 100 MW and unit is not PS,
27,Drum 1_4,235,Drum 1,49.2,HY,HydroTurbine,false,not promoted: plant aggregate Pmax 49.2 MW < 100 MW and unit is not PS,
28,Dutch Flat_1,237,Dutch Flat,22.0,HY,HydroTurbine,false,not promoted: plant aggregate Pmax 22.0 MW < 100 MW and unit is not PS,
29,El Dorado_1,238,El Dorado,20.0,HY,HydroTurbine,false,not promoted: plant aggregate Pmax 20.0 MW < 100 MW and unit is not PS,
30,El Dorado_2,238,El Dorado,20.0,HY,HydroTurbine,false,not promoted: plant aggregate Pmax 20.0 MW < 100 MW and unit is not PS,
31,Electra_1,239,Electra,102.5,HY,HydroTurbine,true,plant aggregate Pmax 102.5 MW >= 100 MW threshold,
32,Electra_2,239,Electra,102.5,HY,HydroTurbine,true,plant aggregate Pmax 102.5 MW >= 100 MW threshold,
33,Electra_3,239,Electra,102.5,HY,HydroTurbine,true,plant aggregate Pmax 102.5 MW >= 100 MW threshold,
34,Haas_H1,240,Haas,135.0,HY,HydroTurbine,true,plant aggregate Pmax 135.0 MW >= 100 MW threshold,
35,Haas_H2,240,Haas,135.0,HY,HydroTurbine,true,plant aggregate Pmax 135.0 MW >= 100 MW threshold,
36,Halsey_1,241,Halsey,13.6,HY,HydroTurbine,false,not promoted: plant aggregate Pmax 13.6 MW < 100 MW and unit is not PS,
37,Hamilton Branch_1,242,Hamilton Branch,5.3,HY,HydroTurbine,false,not promoted: plant aggregate Pmax 5.3 MW < 100 MW and unit is not PS,
38,Hamilton Branch_2,242,Hamilton Branch,5.3,HY,HydroTurbine,false,not promoted: plant aggregate Pmax 5.3 MW < 100 MW and unit is not PS,
39,Hat Creek 1_1,243,Hat Creek 1,10.0,HY,HydroTurbine,false,not promoted: plant aggregate Pmax 10.0 MW < 100 MW and unit is not PS,
40,Hat Creek 2_1,244,Hat Creek 2,10.0,HY,HydroTurbine,false,not promoted: plant aggregate Pmax 10.0 MW < 100 MW and unit is not PS,
51,Inskip_1,248,Inskip,7.6,HY,HydroTurbine,false,not promoted: plant aggregate Pmax 7.6 MW < 100 MW and unit is not PS,
52,James B Black_1,249,James B Black,168.6,HY,HydroTurbine,true,plant aggregate Pmax 168.6 MW >= 100 MW threshold,
53,James B Black_2,249,James B Black,168.6,HY,HydroTurbine,true,plant aggregate Pmax 168.6 MW >= 100 MW threshold,
54,Kerckhoff_H1,250,Kerckhoff,22.6,HY,HydroTurbine,false,not promoted: plant aggregate Pmax 22.6 MW < 100 MW and unit is not PS,
55,Kerckhoff_H3,250,Kerckhoff,22.6,HY,HydroTurbine,false,not promoted: plant aggregate Pmax 22.6 MW < 100 MW and unit is not PS,
56,Kilarc_1,253,Kilarc,1.5,HY,HydroTurbine,false,not promoted: plant aggregate Pmax 1.5 MW < 100 MW and unit is not PS,
57,Merced Falls_1,258,Merced Falls,3.4,HY,HydroTurbine,false,not promoted: plant aggregate Pmax 3.4 MW < 100 MW and unit is not PS,
64,Murphys_1,261,Murphys,3.6,HY,HydroTurbine,false,not promoted: plant aggregate Pmax 3.6 MW < 100 MW and unit is not PS,
65,Phoenix_1,264,Phoenix,1.6,HY,HydroTurbine,false,not promoted: plant aggregate Pmax 1.6 MW < 100 MW and unit is not PS,
66,Pit 1_H1,265,Pit 1,69.2,HY,HydroTurbine,false,not promoted: plant aggregate Pmax 69.2 MW < 100 MW and unit is not PS,
67,Pit 1_H2,265,Pit 1,69.2,HY,HydroTurbine,false,not promoted: plant aggregate Pmax 69.2 MW < 100 MW and unit is not PS,
68,Pit 4_1,267,Pit 4,103.4,HY,HydroTurbine,true,plant aggregate Pmax 103.4 MW >= 100 MW threshold,
69,Pit 4_2,267,Pit 4,103.4,HY,HydroTurbine,true,plant aggregate Pmax 103.4 MW >= 100 MW threshold,
70,Pit 5_H1,268,Pit 5,141.6,HY,HydroTurbine,true,plant aggregate Pmax 141.6 MW >= 100 MW threshold,
71,Pit 5_H2,268,Pit 5,141.6,HY,HydroTurbine,true,plant aggregate Pmax 141.6 MW >= 100 MW threshold,
72,Pit 5_H3,268,Pit 5,141.6,HY,HydroTurbine,true,plant aggregate Pmax 141.6 MW >= 100 MW threshold,
73,Pit 5_H4,268,Pit 5,141.6,HY,HydroTurbine,true,plant aggregate Pmax 141.6 MW >= 100 MW threshold,
74,Pit 6_H1,269,Pit 6,79.2,HY,HydroTurbine,false,not promoted: plant aggregate Pmax 79.2 MW < 100 MW and unit is not PS,
75,Pit 6_H2,269,Pit 6,79.2,HY,HydroTurbine,false,not promoted: plant aggregate Pmax 79.2 MW < 100 MW and unit is not PS,
76,Potter Valley_1,274,Potter Valley,9.4,HY,HydroTurbine,false,not promoted: plant aggregate Pmax 9.4 MW < 100 MW and unit is not PS,
77,Potter Valley_2,274,Potter Valley,9.4,HY,HydroTurbine,false,not promoted: plant aggregate Pmax 9.4 MW < 100 MW and unit is not PS,
78,Potter Valley_3,274,Potter Valley,9.4,HY,HydroTurbine,false,not promoted: plant aggregate Pmax 9.4 MW < 100 MW and unit is not PS,
79,Rock Creek_H1,275,Rock Creek,126.0,HY,HydroTurbine,true,plant aggregate Pmax 126.0 MW >= 100 MW threshold,
80,Rock Creek_H2,275,Rock Creek,126.0,HY,HydroTurbine,true,plant aggregate Pmax 126.0 MW >= 100 MW threshold,
81,Salt Springs_1,279,Salt Springs,42.0,HY,HydroTurbine,false,not promoted: plant aggregate Pmax 42.0 MW < 100 MW and unit is not PS,
82,Salt Springs_2,279,Salt Springs,42.0,HY,HydroTurbine,false,not promoted: plant aggregate Pmax 42.0 MW < 100 MW and unit is not PS,
83,South_1,280,South,6.7,HY,HydroTurbine,false,not promoted: plant aggregate Pmax 6.7 MW < 100 MW and unit is not PS,
84,Spaulding 1_1,281,Spaulding 1,7.0,HY,HydroTurbine,false,not promoted: plant aggregate Pmax 7.0 MW < 100 MW and unit is not PS,
85,Spaulding 2_1,282,Spaulding 2,3.7,HY,HydroTurbine,false,not promoted: plant aggregate Pmax 3.7 MW < 100 MW and unit is not PS,
86,Spaulding 3_1,283,Spaulding 3,6.6,HY,HydroTurbine,false,not promoted: plant aggregate Pmax 6.6 MW < 100 MW and unit is not PS,
87,Spring Gap_1,284,Spring Gap,6.0,HY,HydroTurbine,false,not promoted: plant aggregate Pmax 6.0 MW < 100 MW and unit is not PS,
88,Stanislaus_HC1,285,Stanislaus,81.9,HY,HydroTurbine,false,not promoted: plant aggregate Pmax 81.9 MW < 100 MW and unit is not PS,
89,Tiger Creek_H1,287,Tiger Creek,52.2,HY,HydroTurbine,false,not promoted: plant aggregate Pmax 52.2 MW < 100 MW and unit is not PS,
90,Tiger Creek_H2,287,Tiger Creek,52.2,HY,HydroTurbine,false,not promoted: plant aggregate Pmax 52.2 MW < 100 MW and unit is not PS,
91,Tule River_1,289,Tule River,8.4,HY,HydroTurbine,false,not promoted: plant aggregate Pmax 8.4 MW < 100 MW and unit is not PS,
92,Tule River_2,289,Tule River,8.4,HY,HydroTurbine,false,not promoted: plant aggregate Pmax 8.4 MW < 100 MW and unit is not PS,
93,Volta 1_1,290,Volta 1,8.5,HY,HydroTurbine,false,not promoted: plant aggregate Pmax 8.5 MW < 100 MW and unit is not PS,
94,West Point PH_1,291,West Point PH,13.6,HY,HydroTurbine,false,not promoted: plant aggregate Pmax 13.6 MW < 100 MW and unit is not PS,
95,Wise_1,292,Wise,16.4,HY,HydroTurbine,false,not promoted: plant aggregate Pmax 16.4 MW < 100 MW and unit is not PS,
96,Wise_2,292,Wise,16.4,HY,HydroTurbine,false,not promoted: plant aggregate Pmax 16.4 MW < 100 MW and unit is not PS,
97,Copco 1_1,294,Copco 1,20.0,HY,HydroTurbine,false,not promoted: plant aggregate Pmax 20.0 MW < 100 MW and unit is not PS,
98,Copco 1_2,294,Copco 1,20.0,HY,HydroTurbine,false,not promoted: plant aggregate Pmax 20.0 MW < 100 MW and unit is not PS,
99,Copco 2_1,295,Copco 2,27.0,HY,HydroTurbine,false,not promoted: plant aggregate Pmax 27.0 MW < 100 MW and unit is not PS,
100,Copco 2_2,295,Copco 2,27.0,HY,HydroTurbine,false,not promoted: plant aggregate Pmax 27.0 MW < 100 MW and unit is not PS,
101,Fall Creek_1,296,Fall Creek,2.1,HY,HydroTurbine,false,not promoted: plant aggregate Pmax 2.1 MW < 100 MW and unit is not PS,
102,Fall Creek_2,296,Fall Creek,2.1,HY,HydroTurbine,false,not promoted: plant aggregate Pmax 2.1 MW < 100 MW and unit is not PS,
103,Fall Creek_3,296,Fall Creek,2.1,HY,HydroTurbine,false,not promoted: plant aggregate Pmax 2.1 MW < 100 MW and unit is not PS,
104,Iron Gate_1,297,Iron Gate,18.0,HY,HydroTurbine,false,not promoted: plant aggregate Pmax 18.0 MW < 100 MW and unit is not PS,
105,Drop 5_1,314,Drop 5,4.0,HY,HydroTurbine,false,not promoted: plant aggregate Pmax 4.0 MW < 100 MW and unit is not PS,
106,Drop 5_2,314,Drop 5,4.0,HY,HydroTurbine,false,not promoted: plant aggregate Pmax 4.0 MW < 100 MW and unit is not PS,
110,Big Creek 2_3,318,Big Creek 2,66.6,HY,HydroTurbine,false,not promoted: plant aggregate Pmax 66.6 MW < 100 MW and unit is not PS,
111,Big Creek 2_4,318,Big Creek 2,66.6,HY,HydroTurbine,false,not promoted: plant aggregate Pmax 66.6 MW < 100 MW and unit is not PS,
112,Big Creek 2_5,318,Big Creek 2,66.6,HY,HydroTurbine,false,not promoted: plant aggregate Pmax 66.6 MW < 100 MW and unit is not PS,
113,Big Creek 2_6,318,Big Creek 2,66.6,HY,HydroTurbine,false,not promoted: plant aggregate Pmax 66.6 MW < 100 MW and unit is not PS,
114,Big Creek 3_1,319,Big Creek 3,174.5,HY,HydroTurbine,true,plant aggregate Pmax 174.5 MW >= 100 MW threshold,
115,Big Creek 3_2,319,Big Creek 3,174.5,HY,HydroTurbine,true,plant aggregate Pmax 174.5 MW >= 100 MW threshold,
116,Big Creek 3_3,319,Big Creek 3,174.5,HY,HydroTurbine,true,plant aggregate Pmax 174.5 MW >= 100 MW threshold,
117,Big Creek 3_4,319,Big Creek 3,174.5,HY,HydroTurbine,true,plant aggregate Pmax 174.5 MW >= 100 MW threshold,
118,Big Creek 3_5,319,Big Creek 3,174.5,HY,HydroTurbine,true,plant aggregate Pmax 174.5 MW >= 100 MW threshold,
119,Big Creek 8_1,321,Big Creek 8,75.0,HY,HydroTurbine,false,not promoted: plant aggregate Pmax 75.0 MW < 100 MW and unit is not PS,
120,Big Creek 8_2,321,Big Creek 8,75.0,HY,HydroTurbine,false,not promoted: plant aggregate Pmax 75.0 MW < 100 MW and unit is not PS,
121,Big Creek 2A_1,322,Big Creek 2A,110.0,HY,HydroTurbine,true,plant aggregate Pmax 110.0 MW >= 100 MW threshold,
122,Big Creek 2A_2,322,Big Creek 2A,110.0,HY,HydroTurbine,true,plant aggregate Pmax 110.0 MW >= 100 MW threshold,
123,Bishop Creek 2_1,323,Bishop Creek 2,7.3,HY,HydroTurbine,false,not promoted: plant aggregate Pmax 7.3 MW < 100 MW and unit is not PS,
124,Bishop Creek 2_2,323,Bishop Creek 2,7.3,HY,HydroTurbine,false,not promoted: plant aggregate Pmax 7.3 MW < 100 MW and unit is not PS,
125,Bishop Creek 2_3,323,Bishop Creek 2,7.3,HY,HydroTurbine,false,not promoted: plant aggregate Pmax 7.3 MW < 100 MW and unit is not PS,
126,Bishop Creek 3_1,324,Bishop Creek 3,8.4,HY,HydroTurbine,false,not promoted: plant aggregate Pmax 8.4 MW < 100 MW and unit is not PS,
127,Bishop Creek 3_2,324,Bishop Creek 3,8.4,HY,HydroTurbine,false,not promoted: plant aggregate Pmax 8.4 MW < 100 MW and unit is not PS,
128,Bishop Creek 3_3,324,Bishop Creek 3,8.4,HY,HydroTurbine,false,not promoted: plant aggregate Pmax 8.4 MW < 100 MW and unit is not PS,
129,Bishop Creek 4_1,325,Bishop Creek 4,8.2,HY,HydroTurbine,false,not promoted: plant aggregate Pmax 8.2 MW < 100 MW and unit is not PS,
130,Bishop Creek 4_2,325,Bishop Creek 4,8.2,HY,HydroTurbine,false,not promoted: plant aggregate Pmax 8.2 MW < 100 MW and unit is not PS,
131,Bishop Creek 4_3,325,Bishop Creek 4,8.2,HY,HydroTurbine,false,not promoted: plant aggregate Pmax 8.2 MW < 100 MW and unit is not PS,
132,Bishop Creek 4_4,325,Bishop Creek 4,8.2,HY,HydroTurbine,false,not promoted: plant aggregate Pmax 8.2 MW < 100 MW and unit is not PS,
133,Bishop Creek 4_5,325,Bishop Creek 4,8.2,HY,HydroTurbine,false,not promoted: plant aggregate Pmax 8.2 MW < 100 MW and unit is not PS,
134,Bishop Creek 5_1,326,Bishop Creek 5,4.5,HY,HydroTurbine,false,not promoted: plant aggregate Pmax 4.5 MW < 100 MW and unit is not PS,
135,Bishop Creek 5_2,326,Bishop Creek 5,4.5,HY,HydroTurbine,false,not promoted: plant aggregate Pmax 4.5 MW < 100 MW and unit is not PS,
136,Bishop Creek 6_1,327,Bishop Creek 6,1.6,HY,HydroTurbine,false,not promoted: plant aggregate Pmax 1.6 MW < 100 MW and unit is not PS,
137,Borel_1,328,Borel,12.0,HY,HydroTurbine,false,not promoted: plant aggregate Pmax 12.0 MW < 100 MW and unit is not PS,
138,Borel_2,328,Borel,12.0,HY,HydroTurbine,false,not promoted: plant aggregate Pmax 12.0 MW < 100 MW and unit is not PS,
139,Borel_3,328,Borel,12.0,HY,HydroTurbine,false,not promoted: plant aggregate Pmax 12.0 MW < 100 MW and unit is not PS,
140,Fontana_1,332,Fontana,3.0,HY,HydroTurbine,false,not promoted: plant aggregate Pmax 3.0 MW < 100 MW and unit is not PS,
141,Fontana_2,332,Fontana,3.0,HY,HydroTurbine,false,not promoted: plant aggregate Pmax 3.0 MW < 100 MW and unit is not PS,
143,Kaweah 1_1,337,Kaweah 1,2.3,HY,HydroTurbine,false,not promoted: plant aggregate Pmax 2.3 MW < 100 MW and unit is not PS,
144,Kern River 3_1,339,Kern River 3,40.3,HY,HydroTurbine,false,not promoted: plant aggregate Pmax 40.3 MW < 100 MW and unit is not PS,
145,Kern River 3_2,339,Kern River 3,40.3,HY,HydroTurbine,false,not promoted: plant aggregate Pmax 40.3 MW < 100 MW and unit is not PS,
146,Kern River 1_1,340,Kern River 1,26.4,HY,HydroTurbine,false,not promoted: plant aggregate Pmax 26.4 MW < 100 MW and unit is not PS,
147,Kern River 1_2,340,Kern River 1,26.4,HY,HydroTurbine,false,not promoted: plant aggregate Pmax 26.4 MW < 100 MW and unit is not PS,
148,Kern River 1_3,340,Kern River 1,26.4,HY,HydroTurbine,false,not promoted: plant aggregate Pmax 26.4 MW < 100 MW and unit is not PS,
149,Kern River 1_4,340,Kern River 1,26.4,HY,HydroTurbine,false,not promoted: plant aggregate Pmax 26.4 MW < 100 MW and unit is not PS,
154,Mammoth Pool_1,344,Mammoth Pool,190.0,HY,HydroTurbine,true,plant aggregate Pmax 190.0 MW >= 100 MW threshold,
155,Mammoth Pool_2,344,Mammoth Pool,190.0,HY,HydroTurbine,true,plant aggregate Pmax 190.0 MW >= 100 MW threshold,
158,Poole_1,353,Poole,11.3,HY,HydroTurbine,false,not promoted: plant aggregate Pmax 11.3 MW < 100 MW and unit is not PS,
162,Rush Creek_1,357,Rush Creek,13.1,HY,HydroTurbine,false,not promoted: plant aggregate Pmax 13.1 MW < 100 MW and unit is not PS,
163,Rush Creek_2,357,Rush Creek,13.1,HY,HydroTurbine,false,not promoted: plant aggregate Pmax 13.1 MW < 100 MW and unit is not PS,
170,Santa Ana 1_1,361,Santa Ana 1,3.2,HY,HydroTurbine,false,not promoted: plant aggregate Pmax 3.2 MW < 100 MW and unit is not PS,
171,Santa Ana 1_2,361,Santa Ana 1,3.2,HY,HydroTurbine,false,not promoted: plant aggregate Pmax 3.2 MW < 100 MW and unit is not PS,
172,Santa Ana 1_3,361,Santa Ana 1,3.2,HY,HydroTurbine,false,not promoted: plant aggregate Pmax 3.2 MW < 100 MW and unit is not PS,
173,Santa Ana 1_4,361,Santa Ana 1,3.2,HY,HydroTurbine,false,not promoted: plant aggregate Pmax 3.2 MW < 100 MW and unit is not PS,
174,Lower Tule River_1,365,Lower Tule River,2.6,HY,HydroTurbine,false,not promoted: plant aggregate Pmax 2.6 MW < 100 MW and unit is not PS,
175,Lower Tule River_2,365,Lower Tule River,2.6,HY,HydroTurbine,false,not promoted: plant aggregate Pmax 2.6 MW < 100 MW and unit is not PS,
176,Pardee_1,376,Pardee,23.6,HY,HydroTurbine,false,not promoted: plant aggregate Pmax 23.6 MW < 100 MW and unit is not PS,
177,Pardee_2,376,Pardee,23.6,HY,HydroTurbine,false,not promoted: plant aggregate Pmax 23.6 MW < 100 MW and unit is not PS,
178,Pardee_3,376,Pardee,23.6,HY,HydroTurbine,false,not promoted: plant aggregate Pmax 23.6 MW < 100 MW and unit is not PS,
187,Dion R Holm_1,380,Dion R Holm,156.8,HY,HydroTurbine,true,plant aggregate Pmax 156.8 MW >= 100 MW threshold,
188,Dion R Holm_2,380,Dion R Holm,156.8,HY,HydroTurbine,true,plant aggregate Pmax 156.8 MW >= 100 MW threshold,
189,R C Kirkwood_1,382,R C Kirkwood,115.5,HY,HydroTurbine,true,plant aggregate Pmax 115.5 MW >= 100 MW threshold,
190,R C Kirkwood_2,382,R C Kirkwood,115.5,HY,HydroTurbine,true,plant aggregate Pmax 115.5 MW >= 100 MW threshold,
191,R C Kirkwood_3,382,R C Kirkwood,115.5,HY,HydroTurbine,true,plant aggregate Pmax 115.5 MW >= 100 MW threshold,
192,Drop 2 (CA)_1,385,Drop 2 (CA),10.0,HY,HydroTurbine,false,not promoted: plant aggregate Pmax 10.0 MW < 100 MW and unit is not PS,
193,Drop 2 (CA)_2,385,Drop 2 (CA),10.0,HY,HydroTurbine,false,not promoted: plant aggregate Pmax 10.0 MW < 100 MW and unit is not PS,
194,Drop 3 (CA)_1,386,Drop 3 (CA),9.2,HY,HydroTurbine,false,not promoted: plant aggregate Pmax 9.2 MW < 100 MW and unit is not PS,
195,Drop 3 (CA)_2,386,Drop 3 (CA),9.2,HY,HydroTurbine,false,not promoted: plant aggregate Pmax 9.2 MW < 100 MW and unit is not PS,
196,Drop 4_1,387,Drop 4,19.6,HY,HydroTurbine,false,not promoted: plant aggregate Pmax 19.6 MW < 100 MW and unit is not PS,
197,Drop 4_2,387,Drop 4,19.6,HY,HydroTurbine,false,not promoted: plant aggregate Pmax 19.6 MW < 100 MW and unit is not PS,
198,Pilot Knob_1,388,Pilot Knob,33.0,HY,HydroTurbine,false,not promoted: plant aggregate Pmax 33.0 MW < 100 MW and unit is not PS,
199,Pilot Knob_2,388,Pilot Knob,33.0,HY,HydroTurbine,false,not promoted: plant aggregate Pmax 33.0 MW < 100 MW and unit is not PS,
207,Big Pine Creek_1,391,Big Pine Creek,3.2,HY,HydroTurbine,false,not promoted: plant aggregate Pmax 3.2 MW < 100 MW and unit is not PS,
208,Foothill_1,396,Foothill,10.1,HY,HydroTurbine,false,not promoted: plant aggregate Pmax 10.1 MW < 100 MW and unit is not PS,
209,Franklin (CA)_1,397,Franklin (CA),2.0,HY,HydroTurbine,false,not promoted: plant aggregate Pmax 2.0 MW < 100 MW and unit is not PS,
210,Haiwee_1,398,Haiwee,5.6,HY,HydroTurbine,false,not promoted: plant aggregate Pmax 5.6 MW < 100 MW and unit is not PS,
211,Haiwee_2,398,Haiwee,5.6,HY,HydroTurbine,false,not promoted: plant aggregate Pmax 5.6 MW < 100 MW and unit is not PS,
231,Middle Gorge_1,401,Middle Gorge,37.5,HY,HydroTurbine,false,not promoted: plant aggregate Pmax 37.5 MW < 100 MW and unit is not PS,
232,San Fernando_1,403,San Fernando,5.6,HY,HydroTurbine,false,not promoted: plant aggregate Pmax 5.6 MW < 100 MW and unit is not PS,
233,San Fernando_2,403,San Fernando,5.6,HY,HydroTurbine,false,not promoted: plant aggregate Pmax 5.6 MW < 100 MW and unit is not PS,
240,Upper Gorge_1,407,Upper Gorge,37.5,HY,HydroTurbine,false,not promoted: plant aggregate Pmax 37.5 MW < 100 MW and unit is not PS,
245,McSwain_1,410,McSwain,9.0,HY,HydroTurbine,false,not promoted: plant aggregate Pmax 9.0 MW < 100 MW and unit is not PS,
246,Chicago Park_2P,412,Chicago Park,44.0,HY,HydroTurbine,false,not promoted: plant aggregate Pmax 44.0 MW < 100 MW and unit is not PS,
247,Dutch Flat 2_3P,413,Dutch Flat 2,27.3,HY,HydroTurbine,false,not promoted: plant aggregate Pmax 27.3 MW < 100 MW and unit is not PS,
248,Beardsley_1,414,Beardsley,10.0,HY,HydroTurbine,false,not promoted: plant aggregate Pmax 10.0 MW < 100 MW and unit is not PS,
249,Donnells_H1,415,Donnells,72.0,HY,HydroTurbine,false,not promoted: plant aggregate Pmax 72.0 MW < 100 MW and unit is not PS,
250,Tulloch_1,416,Tulloch,29.9,HY,HydroTurbine,false,not promoted: plant aggregate Pmax 29.9 MW < 100 MW and unit is not PS,
251,Tulloch_2,416,Tulloch,29.9,HY,HydroTurbine,false,not promoted: plant aggregate Pmax 29.9 MW < 100 MW and unit is not PS,
252,Tulloch_3,416,Tulloch,29.9,HY,HydroTurbine,false,not promoted: plant aggregate Pmax 29.9 MW < 100 MW and unit is not PS,
253,Kelly Ridge_1,418,Kelly Ridge,10.0,HY,HydroTurbine,false,not promoted: plant aggregate Pmax 10.0 MW < 100 MW and unit is not PS,
260,French Meadows_1,424,French Meadows,15.3,HY,HydroTurbine,false,not promoted: plant aggregate Pmax 15.3 MW < 100 MW and unit is not PS,
261,Middle Fork_1,425,Middle Fork,122.4,HY,HydroTurbine,true,plant aggregate Pmax 122.4 MW >= 100 MW threshold,
262,Middle Fork_2,425,Middle Fork,122.4,HY,HydroTurbine,true,plant aggregate Pmax 122.4 MW >= 100 MW threshold,
263,Oxbow (CA)_1,426,Oxbow (CA),6.1,HY,HydroTurbine,false,not promoted: plant aggregate Pmax 6.1 MW < 100 MW and unit is not PS,
264,Ralston_1,427,Ralston,79.2,HY,HydroTurbine,false,not promoted: plant aggregate Pmax 79.2 MW < 100 MW and unit is not PS,
265,Camino_H1,430,Camino,157.8,HY,HydroTurbine,true,plant aggregate Pmax 157.8 MW >= 100 MW threshold,
266,Camino_H2,430,Camino,157.8,HY,HydroTurbine,true,plant aggregate Pmax 157.8 MW >= 100 MW threshold,
267,Jaybird_H1,431,Jaybird,161.6,HY,HydroTurbine,true,plant aggregate Pmax 161.6 MW >= 100 MW threshold,
268,Jaybird_H2,431,Jaybird,161.6,HY,HydroTurbine,true,plant aggregate Pmax 161.6 MW >= 100 MW threshold,
269,Loon Lake_H1,432,Loon Lake,74.1,HY,HydroTurbine,false,not promoted: plant aggregate Pmax 74.1 MW < 100 MW and unit is not PS,
270,Robbs Peak_1,433,Robbs Peak,25.5,HY,HydroTurbine,false,not promoted: plant aggregate Pmax 25.5 MW < 100 MW and unit is not PS,
271,Devil Canyon_1,436,Devil Canyon,276.2,HY,HydroTurbine,true,plant aggregate Pmax 276.2 MW >= 100 MW threshold,
272,Devil Canyon_2,436,Devil Canyon,276.2,HY,HydroTurbine,true,plant aggregate Pmax 276.2 MW >= 100 MW threshold,
273,Devil Canyon_3,436,Devil Canyon,276.2,HY,HydroTurbine,true,plant aggregate Pmax 276.2 MW >= 100 MW threshold,
274,Devil Canyon_4,436,Devil Canyon,276.2,HY,HydroTurbine,true,plant aggregate Pmax 276.2 MW >= 100 MW threshold,
275,Edward C Hyatt_1,437,Edward C Hyatt,644.1,HY,HydroTurbine,true,plant aggregate Pmax 644.1 MW >= 100 MW threshold,
276,Edward C Hyatt_2,437,Edward C Hyatt,644.1,PS,HydroPumpTurbine,true,plant aggregate Pmax 644.1 MW >= 100 MW threshold,
277,Edward C Hyatt_3,437,Edward C Hyatt,644.1,HY,HydroTurbine,true,plant aggregate Pmax 644.1 MW >= 100 MW threshold,
278,Edward C Hyatt_4,437,Edward C Hyatt,644.1,PS,HydroPumpTurbine,true,plant aggregate Pmax 644.1 MW >= 100 MW threshold,
279,Edward C Hyatt_5,437,Edward C Hyatt,644.1,HY,HydroTurbine,true,plant aggregate Pmax 644.1 MW >= 100 MW threshold,
280,Edward C Hyatt_6,437,Edward C Hyatt,644.1,PS,HydroPumpTurbine,true,plant aggregate Pmax 644.1 MW >= 100 MW threshold,
281,Don Pedro_1,439,Don Pedro,170.8,HY,HydroTurbine,true,plant aggregate Pmax 170.8 MW >= 100 MW threshold,
282,Don Pedro_2,439,Don Pedro,170.8,HY,HydroTurbine,true,plant aggregate Pmax 170.8 MW >= 100 MW threshold,
283,Don Pedro_3,439,Don Pedro,170.8,HY,HydroTurbine,true,plant aggregate Pmax 170.8 MW >= 100 MW threshold,
284,Don Pedro_4,439,Don Pedro,170.8,HY,HydroTurbine,true,plant aggregate Pmax 170.8 MW >= 100 MW threshold,
285,Folsom_1,441,Folsom,198.6,HY,HydroTurbine,true,plant aggregate Pmax 198.6 MW >= 100 MW threshold,
286,Folsom_2,441,Folsom,198.6,HY,HydroTurbine,true,plant aggregate Pmax 198.6 MW >= 100 MW threshold,
287,Folsom_3,441,Folsom,198.6,HY,HydroTurbine,true,plant aggregate Pmax 198.6 MW >= 100 MW threshold,
288,Judge F Carr_1,442,Judge F Carr,154.4,HY,HydroTurbine,true,plant aggregate Pmax 154.4 MW >= 100 MW threshold,
289,Judge F Carr_2,442,Judge F Carr,154.4,HY,HydroTurbine,true,plant aggregate Pmax 154.4 MW >= 100 MW threshold,
290,Keswick_1,443,Keswick,117.0,HY,HydroTurbine,true,plant aggregate Pmax 117.0 MW >= 100 MW threshold,
291,Keswick_2,443,Keswick,117.0,HY,HydroTurbine,true,plant aggregate Pmax 117.0 MW >= 100 MW threshold,
292,Keswick_3,443,Keswick,117.0,HY,HydroTurbine,true,plant aggregate Pmax 117.0 MW >= 100 MW threshold,
293,Nimbus_1,444,Nimbus,13.4,HY,HydroTurbine,false,not promoted: plant aggregate Pmax 13.4 MW < 100 MW and unit is not PS,
294,Nimbus_2,444,Nimbus,13.4,HY,HydroTurbine,false,not promoted: plant aggregate Pmax 13.4 MW < 100 MW and unit is not PS,
295,Shasta_1,445,Shasta,714.0,HY,HydroTurbine,true,plant aggregate Pmax 714.0 MW >= 100 MW threshold,
296,Shasta_2,445,Shasta,714.0,HY,HydroTurbine,true,plant aggregate Pmax 714.0 MW >= 100 MW threshold,
297,Shasta_3,445,Shasta,714.0,HY,HydroTurbine,true,plant aggregate Pmax 714.0 MW >= 100 MW threshold,
298,Shasta_4,445,Shasta,714.0,HY,HydroTurbine,true,plant aggregate Pmax 714.0 MW >= 100 MW threshold,
299,Shasta_5,445,Shasta,714.0,HY,HydroTurbine,true,plant aggregate Pmax 714.0 MW >= 100 MW threshold,
300,Shasta_S1,445,Shasta,714.0,HY,HydroTurbine,true,plant aggregate Pmax 714.0 MW >= 100 MW threshold,
301,Shasta_S2,445,Shasta,714.0,HY,HydroTurbine,true,plant aggregate Pmax 714.0 MW >= 100 MW threshold,
302,Parker Dam_1,447,Parker Dam,120.0,HY,HydroTurbine,true,plant aggregate Pmax 120.0 MW >= 100 MW threshold,
303,Parker Dam_2,447,Parker Dam,120.0,HY,HydroTurbine,true,plant aggregate Pmax 120.0 MW >= 100 MW threshold,
304,Parker Dam_3,447,Parker Dam,120.0,HY,HydroTurbine,true,plant aggregate Pmax 120.0 MW >= 100 MW threshold,
305,Parker Dam_4,447,Parker Dam,120.0,HY,HydroTurbine,true,plant aggregate Pmax 120.0 MW >= 100 MW threshold,
306,W R Gianelli_1,448,W R Gianelli,424.0,PS,HydroPumpTurbine,true,plant aggregate Pmax 424.0 MW >= 100 MW threshold,
307,W R Gianelli_2,448,W R Gianelli,424.0,PS,HydroPumpTurbine,true,plant aggregate Pmax 424.0 MW >= 100 MW threshold,
308,W R Gianelli_3,448,W R Gianelli,424.0,PS,HydroPumpTurbine,true,plant aggregate Pmax 424.0 MW >= 100 MW threshold,
309,W R Gianelli_4,448,W R Gianelli,424.0,PS,HydroPumpTurbine,true,plant aggregate Pmax 424.0 MW >= 100 MW threshold,
310,W R Gianelli_5,448,W R Gianelli,424.0,PS,HydroPumpTurbine,true,plant aggregate Pmax 424.0 MW >= 100 MW threshold,
311,W R Gianelli_6,448,W R Gianelli,424.0,PS,HydroPumpTurbine,true,plant aggregate Pmax 424.0 MW >= 100 MW threshold,
312,W R Gianelli_7,448,W R Gianelli,424.0,PS,HydroPumpTurbine,true,plant aggregate Pmax 424.0 MW >= 100 MW threshold,
313,W R Gianelli_8,448,W R Gianelli,424.0,PS,HydroPumpTurbine,true,plant aggregate Pmax 424.0 MW >= 100 MW threshold,
314,Spring Creek_1,450,Spring Creek,180.0,HY,HydroTurbine,true,plant aggregate Pmax 180.0 MW >= 100 MW threshold,
315,Spring Creek_2,450,Spring Creek,180.0,HY,HydroTurbine,true,plant aggregate Pmax 180.0 MW >= 100 MW threshold,
316,Trinity_1,451,Trinity,140.0,HY,HydroTurbine,true,plant aggregate Pmax 140.0 MW >= 100 MW threshold,
317,Trinity_2,451,Trinity,140.0,HY,HydroTurbine,true,plant aggregate Pmax 140.0 MW >= 100 MW threshold,
318,Colgate_1,454,Colgate,315.0,HY,HydroTurbine,true,plant aggregate Pmax 315.0 MW >= 100 MW threshold,
319,Colgate_2,454,Colgate,315.0,HY,HydroTurbine,true,plant aggregate Pmax 315.0 MW >= 100 MW threshold,
320,Bear Valley_HC1,457,Bear Valley,1.4,HY,HydroTurbine,false,not promoted: plant aggregate Pmax 1.4 MW < 100 MW and unit is not PS,
321,Bear Valley_HC2,457,Bear Valley,1.4,HY,HydroTurbine,false,not promoted: plant aggregate Pmax 1.4 MW < 100 MW and unit is not PS,
322,Temescal_1,479,Temescal,2.9,HY,HydroTurbine,false,not promoted: plant aggregate Pmax 2.9 MW < 100 MW and unit is not PS,
323,Corona_1,480,Corona,2.9,HY,HydroTurbine,false,not promoted: plant aggregate Pmax 2.9 MW < 100 MW and unit is not PS,
324,Perris_1,481,Perris,7.9,HY,HydroTurbine,false,not promoted: plant aggregate Pmax 7.9 MW < 100 MW and unit is not PS,
325,Rio Hondo_1,482,Rio Hondo,1.9,HY,HydroTurbine,false,not promoted: plant aggregate Pmax 1.9 MW < 100 MW and unit is not PS,
326,Coyote Creek_1,483,Coyote Creek,3.1,HY,HydroTurbine,false,not promoted: plant aggregate Pmax 3.1 MW < 100 MW and unit is not PS,
327,Valley View_1,487,Valley View,4.1,HY,HydroTurbine,false,not promoted: plant aggregate Pmax 4.1 MW < 100 MW and unit is not PS,
328,Jones Fork_1,534,Jones Fork,10.0,HY,HydroTurbine,false,not promoted: plant aggregate Pmax 10.0 MW < 100 MW and unit is not PS,
329,Camanche_1,537,Camanche,10.8,HY,HydroTurbine,false,not promoted: plant aggregate Pmax 10.8 MW < 100 MW and unit is not PS,
330,Camanche_2,537,Camanche,10.8,HY,HydroTurbine,false,not promoted: plant aggregate Pmax 10.8 MW < 100 MW and unit is not PS,
331,Camanche_3,537,Camanche,10.8,HY,HydroTurbine,false,not promoted: plant aggregate Pmax 10.8 MW < 100 MW and unit is not PS,
332,Drop 1_1,585,Drop 1,5.7,HY,HydroTurbine,false,not promoted: plant aggregate Pmax 5.7 MW < 100 MW and unit is not PS,
333,Drop 1_2,585,Drop 1,5.7,HY,HydroTurbine,false,not promoted: plant aggregate Pmax 5.7 MW < 100 MW and unit is not PS,
334,Drop 1_3,585,Drop 1,5.7,HY,HydroTurbine,false,not promoted: plant aggregate Pmax 5.7 MW < 100 MW and unit is not PS,
335,East Highline_1,586,East Highline,2.4,HY,HydroTurbine,false,not promoted: plant aggregate Pmax 2.4 MW < 100 MW and unit is not PS,
336,Oak Flat_1,626,Oak Flat,1.4,HY,HydroTurbine,false,not promoted: plant aggregate Pmax 1.4 MW < 100 MW and unit is not PS,
337,Newcastle_1,632,Newcastle,12.7,HY,HydroTurbine,false,not promoted: plant aggregate Pmax 12.7 MW < 100 MW and unit is not PS,
338,Kerckhoff 2_1,682,Kerckhoff 2,139.5,HY,HydroTurbine,true,plant aggregate Pmax 139.5 MW >= 100 MW threshold,
339,Etiwanda_1,745,Etiwanda,23.9,HY,HydroTurbine,false,not promoted: plant aggregate Pmax 23.9 MW < 100 MW and unit is not PS,
340,Sly Creek_1,776,Sly Creek,12.1,HY,HydroTurbine,false,not promoted: plant aggregate Pmax 12.1 MW < 100 MW and unit is not PS,
341,Scott Flat_7P,839,Scott Flat,1.0,HY,HydroTurbine,false,not promoted: plant aggregate Pmax 1.0 MW < 100 MW and unit is not PS,
343,Alamo_1,905,Alamo,19.6,HY,HydroTurbine,false,not promoted: plant aggregate Pmax 19.6 MW < 100 MW and unit is not PS,
352,New Melones_1,6158,New Melones,300.0,HY,HydroTurbine,true,plant aggregate Pmax 300.0 MW >= 100 MW threshold,
353,New Melones_2,6158,New Melones,300.0,HY,HydroTurbine,true,plant aggregate Pmax 300.0 MW >= 100 MW threshold,
354,W E Warne_1,6196,W E Warne,74.2,HY,HydroTurbine,false,not promoted: plant aggregate Pmax 74.2 MW < 100 MW and unit is not PS,
355,W E Warne_2,6196,W E Warne,74.2,HY,HydroTurbine,false,not promoted: plant aggregate Pmax 74.2 MW < 100 MW and unit is not PS,
359,Azusa_1,6449,Azusa,3.0,HY,HydroTurbine,false,not promoted: plant aggregate Pmax 3.0 MW < 100 MW and unit is not PS,
360,San Francisquito 2_1,6480,San Francisquito 2,46.0,HY,HydroTurbine,false,not promoted: plant aggregate Pmax 46.0 MW < 100 MW and unit is not PS,
361,San Francisquito 2_2,6480,San Francisquito 2,46.0,HY,HydroTurbine,false,not promoted: plant aggregate Pmax 46.0 MW < 100 MW and unit is not PS,
362,San Francisquito 2_3,6480,San Francisquito 2,46.0,HY,HydroTurbine,false,not promoted: plant aggregate Pmax 46.0 MW < 100 MW and unit is not PS,
369,Union Valley_1,6612,Union Valley,38.6,HY,HydroTurbine,false,not promoted: plant aggregate Pmax 38.6 MW < 100 MW and unit is not PS,
370,Greg Avenue_1,6643,Greg Avenue,1.0,HY,HydroTurbine,false,not promoted: plant aggregate Pmax 1.0 MW < 100 MW and unit is not PS,
371,Lake Mathews_1,6644,Lake Mathews,4.9,HY,HydroTurbine,false,not promoted: plant aggregate Pmax 4.9 MW < 100 MW and unit is not PS,
372,Foothill Feeder_1,6645,Foothill Feeder,9.0,HY,HydroTurbine,false,not promoted: plant aggregate Pmax 9.0 MW < 100 MW and unit is not PS,
373,Foothill Feeder_2,6645,Foothill Feeder,9.0,HY,HydroTurbine,false,not promoted: plant aggregate Pmax 9.0 MW < 100 MW and unit is not PS,
374,San Dimas_1,6646,San Dimas,9.9,HY,HydroTurbine,false,not promoted: plant aggregate Pmax 9.9 MW < 100 MW and unit is not PS,
375,Yorba Linda_1,6647,Yorba Linda,5.1,HY,HydroTurbine,false,not promoted: plant aggregate Pmax 5.1 MW < 100 MW and unit is not PS,
376,Stampede_1,7066,Stampede,3.6,HY,HydroTurbine,false,not promoted: plant aggregate Pmax 3.6 MW < 100 MW and unit is not PS,
377,Stampede_2,7066,Stampede,3.6,HY,HydroTurbine,false,not promoted: plant aggregate Pmax 3.6 MW < 100 MW and unit is not PS,
378,Mojave Siphon_1,7072,Mojave Siphon,32.7,HY,HydroTurbine,false,not promoted: plant aggregate Pmax 32.7 MW < 100 MW and unit is not PS,
379,Mojave Siphon_2,7072,Mojave Siphon,32.7,HY,HydroTurbine,false,not promoted: plant aggregate Pmax 32.7 MW < 100 MW and unit is not PS,
380,Mojave Siphon_3,7072,Mojave Siphon,32.7,HY,HydroTurbine,false,not promoted: plant aggregate Pmax 32.7 MW < 100 MW and unit is not PS,
381,Thermalito Diverson Dam_TD1,7129,Thermalito Diverson Dam,3.4,HY,HydroTurbine,false,not promoted: plant aggregate Pmax 3.4 MW < 100 MW and unit is not PS,
382,Mill Creek 3_3,7147,Mill Creek 3,3.0,HY,HydroTurbine,false,not promoted: plant aggregate Pmax 3.0 MW < 100 MW and unit is not PS,
383,Mill Creek 3_4,7147,Mill Creek 3,3.0,HY,HydroTurbine,false,not promoted: plant aggregate Pmax 3.0 MW < 100 MW and unit is not PS,
384,Mill Creek 3_5,7147,Mill Creek 3,3.0,HY,HydroTurbine,false,not promoted: plant aggregate Pmax 3.0 MW < 100 MW and unit is not PS,
385,Stony Gorge_1,7151,Stony Gorge,5.0,HY,HydroTurbine,false,not promoted: plant aggregate Pmax 5.0 MW < 100 MW and unit is not PS,
386,Stony Gorge_2,7151,Stony Gorge,5.0,HY,HydroTurbine,false,not promoted: plant aggregate Pmax 5.0 MW < 100 MW and unit is not PS,
387,Whiskeytown_1,7189,Whiskeytown,3.5,HY,HydroTurbine,false,not promoted: plant aggregate Pmax 3.5 MW < 100 MW and unit is not PS,
405,Grizzly_NA1,7338,Grizzly,22.0,HY,HydroTurbine,false,not promoted: plant aggregate Pmax 22.0 MW < 100 MW and unit is not PS,
416,Deadwood Creek_1,7507,Deadwood Creek,2.0,HY,HydroTurbine,false,not promoted: plant aggregate Pmax 2.0 MW < 100 MW and unit is not PS,
429,Pine Flat_1,7907,Pine Flat,165.0,HY,HydroTurbine,true,plant aggregate Pmax 165.0 MW >= 100 MW threshold,
430,Pine Flat_2,7907,Pine Flat,165.0,HY,HydroTurbine,true,plant aggregate Pmax 165.0 MW >= 100 MW threshold,
431,Pine Flat_3,7907,Pine Flat,165.0,HY,HydroTurbine,true,plant aggregate Pmax 165.0 MW >= 100 MW threshold,
432,Kern Canyon_1,7911,Kern Canyon,9.5,HY,HydroTurbine,false,not promoted: plant aggregate Pmax 9.5 MW < 100 MW and unit is not PS,
433,Diamond Valley Lake_10,7942,Diamond Valley Lake,29.7,HY,HydroTurbine,false,not promoted: plant aggregate Pmax 29.7 MW < 100 MW and unit is not PS,
434,Diamond Valley Lake_11,7942,Diamond Valley Lake,29.7,HY,HydroTurbine,false,not promoted: plant aggregate Pmax 29.7 MW < 100 MW and unit is not PS,
435,Diamond Valley Lake_12,7942,Diamond Valley Lake,29.7,HY,HydroTurbine,false,not promoted: plant aggregate Pmax 29.7 MW < 100 MW and unit is not PS,
436,Diamond Valley Lake_2,7942,Diamond Valley Lake,29.7,HY,HydroTurbine,false,not promoted: plant aggregate Pmax 29.7 MW < 100 MW and unit is not PS,
437,Diamond Valley Lake_3,7942,Diamond Valley Lake,29.7,HY,HydroTurbine,false,not promoted: plant aggregate Pmax 29.7 MW < 100 MW and unit is not PS,
438,Diamond Valley Lake_4,7942,Diamond Valley Lake,29.7,HY,HydroTurbine,false,not promoted: plant aggregate Pmax 29.7 MW < 100 MW and unit is not PS,
439,Diamond Valley Lake_6,7942,Diamond Valley Lake,29.7,HY,HydroTurbine,false,not promoted: plant aggregate Pmax 29.7 MW < 100 MW and unit is not PS,
440,Diamond Valley Lake_7,7942,Diamond Valley Lake,29.7,HY,HydroTurbine,false,not promoted: plant aggregate Pmax 29.7 MW < 100 MW and unit is not PS,
441,Diamond Valley Lake_8,7942,Diamond Valley Lake,29.7,HY,HydroTurbine,false,not promoted: plant aggregate Pmax 29.7 MW < 100 MW and unit is not PS,
459,Gosselin Hydro Plant_GEN1,10128,Gosselin Hydro Plant,2.0,HY,HydroTurbine,false,not promoted: plant aggregate Pmax 2.0 MW < 100 MW and unit is not PS,
460,Gosselin Hydro Plant_GEN2,10128,Gosselin Hydro Plant,2.0,HY,HydroTurbine,false,not promoted: plant aggregate Pmax 2.0 MW < 100 MW and unit is not PS,
461,Isabella Hydro Project_GEN1,10139,Isabella Hydro Project,11.8,HY,HydroTurbine,false,not promoted: plant aggregate Pmax 11.8 MW < 100 MW and unit is not PS,
462,Isabella Hydro Project_GEN2,10139,Isabella Hydro Project,11.8,HY,HydroTurbine,false,not promoted: plant aggregate Pmax 11.8 MW < 100 MW and unit is not PS,
500,Muck Valley Hydroelectric_GEN1,10458,Muck Valley Hydroelectric,29.9,HY,HydroTurbine,false,not promoted: plant aggregate Pmax 29.9 MW < 100 MW and unit is not PS,
530,Lost Creek I_GEN1,10708,Lost Creek I,1.1,HY,HydroTurbine,false,not promoted: plant aggregate Pmax 1.1 MW < 100 MW and unit is not PS,
531,Ponderosa Bailey Creek_GEN1,10709,Ponderosa Bailey Creek,1.1,HY,HydroTurbine,false,not promoted: plant aggregate Pmax 1.1 MW < 100 MW and unit is not PS,
557,Bidwell Ditch Project_GEN1,10880,Bidwell Ditch Project,1.8,HY,HydroTurbine,false,not promoted: plant aggregate Pmax 1.8 MW < 100 MW and unit is not PS,
561,Rio Bravo Hydro Project_UNT2,50037,Rio Bravo Hydro Project,7.0,HY,HydroTurbine,false,not promoted: plant aggregate Pmax 7.0 MW < 100 MW and unit is not PS,
572,Santa Felicia Dam_UNT1,50076,Santa Felicia Dam,1.3,HY,HydroTurbine,false,not promoted: plant aggregate Pmax 1.3 MW < 100 MW and unit is not PS,
573,Santa Felicia Dam_UNT2,50076,Santa Felicia Dam,1.3,HY,HydroTurbine,false,not promoted: plant aggregate Pmax 1.3 MW < 100 MW and unit is not PS,
584,R E Badger Filtration Plant_1,50147,R E Badger Filtration Plant,1.4,HY,HydroTurbine,false,not promoted: plant aggregate Pmax 1.4 MW < 100 MW and unit is not PS,
585,Bear Creek_GEN1,50156,Bear Creek,3.2,HY,HydroTurbine,false,not promoted: plant aggregate Pmax 3.2 MW < 100 MW and unit is not PS,
587,Box Canyon Dam_GEN1,50179,Box Canyon Dam,5.0,HY,HydroTurbine,false,not promoted: plant aggregate Pmax 5.0 MW < 100 MW and unit is not PS,
588,Box Canyon Dam_GEN2,50179,Box Canyon Dam,5.0,HY,HydroTurbine,false,not promoted: plant aggregate Pmax 5.0 MW < 100 MW and unit is not PS,
589,Olsen_GEN1,50180,Olsen,5.0,HY,HydroTurbine,false,not promoted: plant aggregate Pmax 5.0 MW < 100 MW and unit is not PS,
600,Woodward Power Plant_U1,50218,Woodward Power Plant,2.8,HY,HydroTurbine,false,not promoted: plant aggregate Pmax 2.8 MW < 100 MW and unit is not PS,
601,Nelson Creek_1296,50223,Nelson Creek,1.2,HY,HydroTurbine,false,not promoted: plant aggregate Pmax 1.2 MW < 100 MW and unit is not PS,
613,East Portal Generator_GEN1,50375,East Portal Generator,1.2,HY,HydroTurbine,false,not promoted: plant aggregate Pmax 1.2 MW < 100 MW and unit is not PS,
616,Friant Hydro Facility_FR1,50393,Friant Hydro Facility,37.5,HY,HydroTurbine,false,not promoted: plant aggregate Pmax 37.5 MW < 100 MW and unit is not PS,
617,Friant Hydro Facility_M1,50393,Friant Hydro Facility,37.5,HY,HydroTurbine,false,not promoted: plant aggregate Pmax 37.5 MW < 100 MW and unit is not PS,
618,Friant Hydro Facility_RO1,50393,Friant Hydro Facility,37.5,HY,HydroTurbine,false,not promoted: plant aggregate Pmax 37.5 MW < 100 MW and unit is not PS,
619,Friant Hydro Facility_RO2,50393,Friant Hydro Facility,37.5,HY,HydroTurbine,false,not promoted: plant aggregate Pmax 37.5 MW < 100 MW and unit is not PS,
620,Sand Bar Power Plant_GEN1,50400,Sand Bar Power Plant,16.2,HY,HydroTurbine,false,not promoted: plant aggregate Pmax 16.2 MW < 100 MW and unit is not PS,
627,Gas Utilization Facility_3,50492,Gas Utilization Facility,1.5,HY,HydroTurbine,false,not promoted: plant aggregate Pmax 1.5 MW < 100 MW and unit is not PS,
695,Slate Creek_GEN1,50961,Slate Creek,4.2,HY,HydroTurbine,false,not promoted: plant aggregate Pmax 4.2 MW < 100 MW and unit is not PS,
756,San Gabriel Hydro Project_U1,54017,San Gabriel Hydro Project,5.0,HY,HydroTurbine,false,not promoted: plant aggregate Pmax 5.0 MW < 100 MW and unit is not PS,
757,San Gabriel Hydro Project_U2,54017,San Gabriel Hydro Project,5.0,HY,HydroTurbine,false,not promoted: plant aggregate Pmax 5.0 MW < 100 MW and unit is not PS,
768,Three Forks Water Power Project_1,54308,Three Forks Water Power Project,1.3,HY,HydroTurbine,false,not promoted: plant aggregate Pmax 1.3 MW < 100 MW and unit is not PS,
771,Terminus Hydroelectric Project_GEN1,54343,Terminus Hydroelectric Project,20.1,HY,HydroTurbine,false,not promoted: plant aggregate Pmax 20.1 MW < 100 MW and unit is not PS,
780,Spicer Meadow Project_GEN1,54554,Spicer Meadow Project,5.9,HY,HydroTurbine,false,not promoted: plant aggregate Pmax 5.9 MW < 100 MW and unit is not PS,
781,Spicer Meadow Project_GEN2,54554,Spicer Meadow Project,5.9,HY,HydroTurbine,false,not promoted: plant aggregate Pmax 5.9 MW < 100 MW and unit is not PS,
782,Spicer Meadow Project_GEN3,54554,Spicer Meadow Project,5.9,HY,HydroTurbine,false,not promoted: plant aggregate Pmax 5.9 MW < 100 MW and unit is not PS,
791,Kekawaka Power House_KEK1,54654,Kekawaka Power House,4.9,HY,HydroTurbine,false,not promoted: plant aggregate Pmax 4.9 MW < 100 MW and unit is not PS,
937,Springville Hydroelectric_4152,56125,Springville Hydroelectric,1.0,HY,HydroTurbine,false,not promoted: plant aggregate Pmax 1.0 MW < 100 MW and unit is not PS,
1009,Rancho Penasquitos_G100,56615,Rancho Penasquitos,4.6,HY,HydroTurbine,false,not promoted: plant aggregate Pmax 4.6 MW < 100 MW and unit is not PS,
1190,Siphon Drop Power Plant_1,57364,Siphon Drop Power Plant,4.4,HY,HydroTurbine,false,not promoted: plant aggregate Pmax 4.4 MW < 100 MW and unit is not PS,
1191,Siphon Drop Power Plant_2,57364,Siphon Drop Power Plant,4.4,HY,HydroTurbine,false,not promoted: plant aggregate Pmax 4.4 MW < 100 MW and unit is not PS,
1303,Lake Hodges Hydroelectric Facility_1,57729,Lake Hodges Hydroelectric Facility,42.0,PS,HydroPumpTurbine,true,PS (pumped storage) unit promoted regardless of capacity; plant aggregate Pmax 42.0 MW < 100 MW,
1304,Lake Hodges Hydroelectric Facility_2,57729,Lake Hodges Hydroelectric Facility,42.0,PS,HydroPumpTurbine,true,PS (pumped storage) unit promoted regardless of capacity; plant aggregate Pmax 42.0 MW < 100 MW,
1350,North Hollywood_1PT1,57854,North Hollywood,2.3,HY,HydroTurbine,false,not promoted: plant aggregate Pmax 2.3 MW < 100 MW and unit is not PS,
1351,North Hollywood_2T3,57854,North Hollywood,2.3,HY,HydroTurbine,false,not promoted: plant aggregate Pmax 2.3 MW < 100 MW and unit is not PS,
1755,Baker Creek Hydroelectric_GENE1,59428,Baker Creek Hydroelectric,1.5,HY,HydroTurbine,false,not promoted: plant aggregate Pmax 1.5 MW < 100 MW and unit is not PS,
1756,Baker Creek Hydroelectric_GENE2,59428,Baker Creek Hydroelectric,1.5,HY,HydroTurbine,false,not promoted: plant aggregate Pmax 1.5 MW < 100 MW and unit is not PS,
